{
  "CURRENT_REVISION": 130,
  "UPDATE_DELAY": 30,
  "ONLINE_USER_UPDATE_DELAY": 10,
  "DATA": {
    "Revision": 130,
    "online_user_update_delay": 10,
    "update_delay": 30,
    "sid_to_sloc": {
      "ABD": [24.2598727,88.971789],
      "ADI": [25.9241917,89.3487255],
      "AHS": [0.0,0.0],
      "AKH": [0.0,0.0],
      "AKH2": [23.8692316,91.2060188],
      "AKK": [24.9645943,89.0157574],
      "ALA": [23.7614107,88.93651],
      "AMI": [0.0,0.0],
      "AMN": [24.6151297,88.3955117],
      "AMB": [24.6151297,88.3955117],
      "ARA": [24.2897643,88.8825729],
      "ASH": [24.0382393,91.0016427],
      "ATH": [0.0,0.0],
      "AZA": [23.8926482,91.2207974],
      "AZN": [24.2065543,89.0059185],
      "BAD": [25.6720255,89.058069],
      "BAD2": [0.0,0.0],
      "BAD3": [0.0,0.0],
      "BAH": [23.6863795,89.5615165],
      "BAJ": [24.1997228,90.9130239],
      "BAJ2": [22.9920794,91.1006125],
      "BAM": [0.0,0.0],
      "BAN": [23.7957851,90.4009711],
      "BAR": [24.587583,91.9788533],
      "BAR2": [0.0,0.0],
      "BAR3": [0.0,0.0],
      "BAU": [0.0,0.0],
      "BEN": [23.0430994,88.9027779],
      "BHB": [24.0502591,90.9781951],
      "BHA": [23.4004807,89.9844964],
      "BHJ": [0.0,0.0],
      "BHA2": [24.3518279,91.8415358],
      "BHA3": [22.4299733,91.7488463],
      "BHE": [24.0232047,88.9918668],
      "BHO": [0.0,0.0],
      "BHO2": [0.0,0.0],
      "BHU": [24.4673034,89.8666727],
      "BID": [0.0,0.0],
      "BIB": [0.0,0.0],
      "BIR": [25.3979257,88.9940017],
      "BIR2": [25.6352594,88.5391185],
      "BOB": [0.0,0.0],
      "BOG": [24.8485692,89.3666678],
      "BOL": [0.0,0.0],
      "BOP": [0.0,0.0],
      "BOB2": [0.0,0.0],
      "BOR": [22.9949044,89.8426335],
      "BRA": [23.7920599,91.1727717],
      "BUR": [26.3961399,88.9351197],
      "CHA": [0.0,0.0],
      "CHA2": [23.2309202,90.6430506],
      "CHC": [23.2255213,90.655019],
      "CHA3": [0.0,0.0],
      "CHA4": [0.0,0.0],
      "CHA5": [23.1978933,89.7520757],
      "CHA6": [24.1887526,89.2755732],
      "CHA7": [22.3340209,91.8295576],
      "CHI": [26.2431402,88.7963052],
      "CHI2": [25.6458795,88.7758409],
      "CHR": [0.0,0.0],
      "CHB": [0.0,0.0],
      "CHO": [0.0,0.0],
      "CHU": [23.6380381,88.8546283],
      "CHB2": [22.6908957,89.6492609],
      "COB": [21.4293611,92.0150366],
      "CUM": [23.4636412,91.1667328],
      "DAH": [0.0,0.0],
      "DAS": [24.1126858,89.130372],
      "DAU": [22.8766319,89.522307],
      "DEB": [0.0,0.0],
      "DHA": [23.7319228,90.3966615],
      "DHC": [23.8158381,90.4104941],
      "DHA2": [0.0,0.0],
      "DIN": [25.6249608,88.632424],
      "DOH": [22.1633514,92.069168],
      "DOM": [26.1046376,88.8199769],
      "DUB": [0.0,0.0],
      "DUL": [0.0,0.0],
      "FAR": [23.6108764,89.8426903],
      "FEN": [23.0131035,91.4031816],
      "FUL": [25.4954304,88.968885],
      "GAC": [24.3419288,90.8245692],
      "GAF": [24.4536308,90.5478513],
      "GAI": [25.3323091,89.542466],
      "GOB": [22.9477984,89.8289198],
      "GOM": [22.378175,91.9171693],
      "GOP": [23.03408,89.8401059],
      "GOM2": [0.0,0.0],
      "GUN": [0.0,0.0],
      "HAJ": [23.2581807,90.8482297],
      "HAL": [0.0,0.0],
      "HAR": [24.0166274,91.3098775],
      "HAR2": [0.0,0.0],
      "HAS": [23.135506,91.2372613],
      "HAT": [26.1283725,89.1384363],
      "HEM": [24.5679749,89.8596709],
      "HIC": [0.0,0.0],
      "HIL": [25.277513,89.0069924],
      "IBR": [24.3895108,89.8200921],
      "ISH": [24.1302365,89.0627406],
      "ISB": [24.1550637,89.0574975],
      "ISL": [0.0,0.0],
      "ISB2": [25.0778008,89.7916227],
      "JAF": [0.0,0.0],
      "JAB": [0.0,0.0],
      "JAT": [0.0,0.0],
      "JAM": [0.0,0.0],
      "JAH": [0.0,0.0],
      "JAS": [23.1891061,89.1839293],
      "JHI": [0.0,0.0],
      "JOY": [23.9980388,90.420312],
      "JOY2": [25.098996,89.0260363],
      "KAK": [0.0,0.0],
      "KAL": [23.7681463,89.4804096],
      "KAJ": [0.0,0.0],
      "KAN": [0.0,0.0],
      "KAO": [24.3083152,90.5124472],
      "KAS": [23.2334792,89.7250801],
      "KAS2": [0.0,0.0],
      "KAT": [22.7345527,89.6329897],
      "KAU": [25.7777897,89.4236255],
      "KAW": [0.0,0.0],
      "KEB": [0.0,0.0],
      "KHA": [0.0,0.0],
      "KHO": [23.8308846,89.3029737],
      "KHO2": [25.6564494,88.9749473],
      "KHU": [22.8203865,89.557929],
      "KIS": [24.426419,90.7886273],
      "KIS2": [0.0,0.0],
      "KOL": [0.0,0.0],
      "KOT": [23.400397,89.1246708],
      "KUL": [24.4394962,91.9550264],
      "KUL2": [24.1510023,90.9286747],
      "KUM": [23.8605756,89.2410244],
      "KUM2": [22.5051698,91.7158141],
      "KUR": [25.8075574,89.6212955],
      "KUC": [23.9070671,89.1282874],
      "LAK": [23.3061365,91.1381948],
      "LAL": [25.9115157,89.4446723],
      "LOH": [0.0,0.0],
      "LOH2": [0.0,0.0],
      "LOK": [0.0,0.0],
      "LOL": [0.0,0.0],
      "MAD": [0.0,0.0],
      "MAD2": [23.5467521,89.6307076],
      "MAH": [25.8772948,89.4478174],
      "MAH2": [0.0,0.0],
      "MAC": [0.0,0.0],
      "MAI": [24.6862621,91.951669],
      "MAJ": [24.1627166,89.0940227],
      "MAN": [0.0,0.0],
      "MAN2": [0.0,0.0],
      "MAW": [23.3983671,90.2188185],
      "MEH": [23.2451995,90.9433168],
      "MEB": [24.9782311,89.8534805],
      "MET": [23.9925823,90.8670217],
      "MIR": [0.0,0.0],
      "MIR2": [23.8083649,90.3682614],
      "MIR3": [24.1055318,90.1014131],
      "MOR": [0.0,0.0],
      "MON": [22.7916137,89.520278],
      "MOH": [24.8708225,90.9730349],
      "MON2": [0.0,0.0],
      "MON3": [22.4774147,89.5996326],
      "MON4": [0.0,0.0],
      "MUB": [23.400397,89.1246708],
      "MUK": [0.0,0.0],
      "MUL": [0.0,0.0],
      "MYM": [24.7532728,90.4101031],
      "NAC": [0.0,0.0],
      "NAL": [0.0,0.0],
      "NAN": [24.3151554,88.8013664],
      "NAN2": [24.8677052,90.035903],
      "NAN3": [23.1677702,91.198695],
      "NAR": [0.0,0.0],
      "NAR2": [23.617983,90.505575],
      "NAR3": [23.93082,90.7210359],
      "NAR4": [24.8650076,90.1199339],
      "NAT": [23.1132013,91.1154083],
      "NAT2": [24.4108131,88.9665897],
      "NAY": [0.0,0.0],
      "NAY2": [0.0,0.0],
      "NET": [0.0,0.0],
      "NEJ": [0.0,0.0],
      "NIL": [25.9490764,88.8358417],
      "NOA": [0.0,0.0],
      "NOA2": [23.0332329,89.3952433],
      "PAB": [24.0159984,89.2561065],
      "PAC": [23.7475385,89.7117147],
      "PAD": [23.3983671,90.2188185],
      "PAD2": [0.0,0.0],
      "PAH": [0.0,0.0],
      "PAK": [0.0,0.0],
      "PAN": [26.3300841,88.5404477],
      "PAN2": [25.1885176,89.0215654],
      "PAN3": [23.7861527,89.4171519],
      "PAR": [25.6532156,88.915503],
      "PAT": [26.3437585,89.0213325],
      "PAT2": [22.2978905,91.9820023],
      "PHU": [22.950935,89.4746969],
      "PIR": [25.6593276,89.407802],
      "PIR2": [25.859262,88.3578266],
      "PIY": [24.8790798,90.1966031],
      "POR": [23.8646803,89.032612],
      "PUK": [23.4424507,89.9573489],
      "QUA": [0.0,0.0],
      "RAG": [0.0,0.0],
      "RAJ": [23.7861527,89.4171519],
      "RAJ2": [24.3750323,88.6085414],
      "RAC": [24.3789741,88.5655119],
      "RAM": [0.0,0.0],
      "RAN": [25.7284973,89.2634621],
      "ROH": [24.8204543,88.3194605],
      "RUH": [26.158179,88.3975246],
      "SMM": [0.0,0.0],
      "SAF": [23.4624102,88.9614488],
      "SAI": [25.7870289,88.8931484],
      "SAN": [24.8059735,88.9860399],
      "SAR": [24.2184798,90.9008662],
      "SAR2": [0.0,0.0],
      "SAR3": [24.7608313,89.8400644],
      "SAR4": [0.0,0.0],
      "SAT": [22.0921189,92.0619738],
      "SET": [0.0,0.0],
      "SHB": [24.2527846,91.3819186],
      "SHA": [0.0,0.0],
      "SHA2": [0.0,0.0],
      "SHA3": [24.2783644,91.4503826],
      "SHA4": [24.382933,91.9003337],
      "SHA5": [0.0,0.0],
      "SHI": [23.3983671,90.2188185],
      "SHI2": [0.0,0.0],
      "SHO": [0.0,0.0],
      "SHY": [0.0,0.0],
      "SHY2": [25.6943138,89.1488449],
      "SIN": [23.1214252,89.3469142],
      "SIB": [24.4510411,89.7023278],
      "SIR": [0.0,0.0],